"""Title""",URL,
"""NASA Langley Study: Cosmic Ray Effects for Air & Future Space Travelers""",https://www.nasa.gov/centers-and-facilities/langley/nasa-flights-study-cosmic-ray-effects-for-air-future-space-travelers/,
"""NASA Data Powers New Tool to Protect Water Supply After Fires""",https://science.nasa.gov/earth/nasa-data-powers-new-tool-to-protect-water-supply-after-fires/,
"""What's Up September 2025: Skywatching Tips from NASA""",https://science.nasa.gov/solar-system/whats-up-september-2025-skywatching-tips-from-nasa/,
"""NASA Missions""",https://www.nasa.gov/missions/,
"""A to Z of NASA Missions""",https://www.nasa.gov/a-to-z-of-nasa-missions/,
"""NASA Events""",https://www.nasa.gov/events/,
"""Spaceships and Rockets""",https://www.nasa.gov/humans-in-space/spaceships-and-rockets/,
"""Communicating with Missions""",https://www.nasa.gov/communicating-with-missions/,
"""NASA Artemis""",https://www.nasa.gov/humans-in-space/artemis/,
"""NASA Webb Mission""",https://science.nasa.gov/mission/webb/,
"""NASA Hubble Mission""",https://science.nasa.gov/mission/hubble/,
"""International Space Station""",https://www.nasa.gov/international-space-station/,
"""OSIRIS-REx Mission""",https://science.nasa.gov/mission/osiris-rex/,
"""Why Go to Space?""",https://www.nasa.gov/humans-in-space/why-go-to-space/,
"""NASA Astronauts""",https://www.nasa.gov/humans-in-space/astronauts/,
"""Commercial Space""",https://www.nasa.gov/humans-in-space/commercial-space/,
"""Space Destinations""",https://www.nasa.gov/humans-in-space/destinations/,
"""Living in Space""",https://www.nasa.gov/humans-in-space/living-in-space/,
"""Explore Earth""",https://science.nasa.gov/earth/explore/,
"""Climate Change""",https://science.nasa.gov/climate-change/,
"""Earth Facts""",https://science.nasa.gov/earth/facts/,
"""Earth In Action""",https://science.nasa.gov/earth/in-action/,
"""Earth Multimedia""",https://science.nasa.gov/earth/multimedia/,
"""Earth Data""",https://science.nasa.gov/earth/data/,
"""Earth Science""",https://science.nasa.gov/earth-science/,
"""Sun""",https://science.nasa.gov/sun/,
"""Mercury""",https://science.nasa.gov/mercury/,
"""Venus""",https://science.nasa.gov/venus/,
"""Moon""",https://science.nasa.gov/moon/,
"""Mars""",https://science.nasa.gov/mars/,
"""Jupiter""",https://science.nasa.gov/jupiter/,
"""Saturn""",https://science.nasa.gov/saturn/,
"""Uranus""",https://science.nasa.gov/uranus/,
"""Neptune""",https://science.nasa.gov/neptune/,
"""Dwarf Planets""",https://science.nasa.gov/dwarf-planets/,
"""Asteroids""",Comets & Meteors,https://science.nasa.gov/asteroids-comets-meteors/
"""Kuiper Belt""",https://science.nasa.gov/solar-system/kuiper-belt/,
"""Oort Cloud""",https://science.nasa.gov/solar-system/oort-cloud/,
"""Skywatching""",https://science.nasa.gov/skywatching/,
"""Exoplanets""",https://science.nasa.gov/exoplanets/,
"""Search for Life""",https://science.nasa.gov/universe/search-for-life/,
"""Stars""",https://science.nasa.gov/universe/stars/,
"""Galaxies""",https://science.nasa.gov/universe/galaxies/,
"""Black Holes""",https://science.nasa.gov/universe/black-holes/,
"""The Big Bang""",https://science.nasa.gov/universe/the-big-bang/,
"""Dark Matter""",https://science.nasa.gov/dark-matter/,
"""Dark Energy""",https://science.nasa.gov/dark-energy/,
"""Planetary Science""",https://science.nasa.gov/planetary-science/,
"""Astrophysics""",https://science.nasa.gov/astrophysics/,
"""Heliophysics""",https://science.nasa.gov/heliophysics/,
"""Biological & Physical Sciences""",https://science.nasa.gov/biological-physical/,
"""Lunar Science""",https://science.nasa.gov/lunar-science/,
"""Citizen Science""",https://science.nasa.gov/citizen-science/,
"""Astromaterials""",https://science.nasa.gov/astromaterials/,
